Variable,Basic Model Coef,Basic Model SE,With Controls Coef,With Controls SE
const,15.836349999999992,0.10296097505790228,15.963539509172598,0.10990943271300678
treated,-0.2728249999999967,0.1456088073220425,-0.22579290713079025,0.1464461033742111
post,2.368150000000016,0.1329220472361777,2.172485149575121,0.14069265414211574
treated_post,1.7943916666666675,0.18798016193979847,1.6833695154924364,0.19417181746384027
