Sector,N_Obs,Causal_Effect_Basic,SE_Basic,P_Value_Basic,Causal_Effect_Controls,SE_Controls,P_Value_Controls
Agriculture,430,1.7797351851851941,0.40721044979759874,1.5589590714018674e-05,1.5088673015311203,0.42490543441406275,0.00042699624258024974
Manufacturing,670,2.111883208255168,0.3206514484508526,9.160870510734165e-11,2.1578282760596608,0.32741917241984025,8.967581872570664e-11
Services,900,1.5622569271611144,0.28970577720400487,8.889499079164383e-08,1.4561455513928456,0.29907187799180274,1.3274419830120968e-06
