Covariate,Left_Mean,Right_Mean,Difference,t_stat,p_value,Continuous
hours_studied,10.583234515616729,13.492437759336099,2.90920324371937,-33.46049942700973,1.797896112894266e-215,No
mother_edu,9.676336686077288,10.421213692946058,0.7448770068687693,-11.402830210339856,1.2159620221454462e-29,No
