Model,Causal_Effect,Std_Error,p_value,Significant_5pct
Simple RDD,21.298433937526852,0.3117647072686155,0.0,Yes
RDD + Running Variable,2.9323020492968004,0.40563675766319046,5.854197526154638e-13,Yes
RDD + Interaction,2.9107042106382295,0.38181628842416876,3.1016970176378715e-14,Yes
RDD + Covariates,2.883640510689663,0.3804262617192751,4.313210530825835e-14,Yes
